[
  {
    "city": "Kyiv",
    "country": "Ukraine",
    "admin_name": "Kyiv, Misto"
  },
  {
    "city": "Kharkiv",
    "country": "Ukraine",
    "admin_name": "Kharkivska Oblast"
  },
  {
    "city": "Odesa",
    "country": "Ukraine",
    "admin_name": "Odeska Oblast"
  },
  {
    "city": "Dnipro",
    "country": "Ukraine",
    "admin_name": "Dnipropetrovska Oblast"
  },
  {
    "city": "Donetsk",
    "country": "Ukraine",
    "admin_name": "Donetska Oblast"
  },
  {
    "city": "Lviv",
    "country": "Ukraine",
    "admin_name": "Lvivska Oblast"
  },
  {
    "city": "Zaporizhzhia",
    "country": "Ukraine",
    "admin_name": "Zaporizka Oblast"
  },
  {
    "city": "Bazal’tove",
    "country": "Ukraine",
    "admin_name": "Rivnenska Oblast"
  },
  {
    "city": "Kryvyi Rih",
    "country": "Ukraine",
    "admin_name": "Dnipropetrovska Oblast"
  },
  {
    "city": "Sevastopol",
    "country": "Ukraine",
    "admin_name": "Sevastopol, Misto"
  },
  {
    "city": "Mykolaiv",
    "country": "Ukraine",
    "admin_name": "Mykolaivska Oblast"
  },
  {
    "city": "Mariupol",
    "country": "Ukraine",
    "admin_name": "Donetska Oblast"
  },
  {
    "city": "Luhansk",
    "country": "Ukraine",
    "admin_name": "Luhanska Oblast"
  },
  {
    "city": "Vinnytsia",
    "country": "Ukraine",
    "admin_name": "Vinnytska Oblast"
  },
  {
    "city": "Makiivka",
    "country": "Ukraine",
    "admin_name": "Donetska Oblast"
  },
  {
    "city": "Simferopol",
    "country": "Ukraine",
    "admin_name": "Krym, Avtonomna Respublika"
  },
  {
    "city": "Chernihiv",
    "country": "Ukraine",
    "admin_name": "Chernihivska Oblast"
  },
  {
    "city": "Poltava",
    "country": "Ukraine",
    "admin_name": "Poltavska Oblast"
  },
  {
    "city": "Kherson",
    "country": "Ukraine",
    "admin_name": "Khersonska Oblast"
  },
  {
    "city": "Khmelnytskyi",
    "country": "Ukraine",
    "admin_name": "Khmelnytska Oblast"
  },
  {
    "city": "Cherkasy",
    "country": "Ukraine",
    "admin_name": "Cherkaska Oblast"
  },
  {
    "city": "Sumy",
    "country": "Ukraine",
    "admin_name": "Sumska Oblast"
  },
  {
    "city": "Chernivtsi",
    "country": "Ukraine",
    "admin_name": "Chernivetska Oblast"
  },
  {
    "city": "Zhytomyr",
    "country": "Ukraine",
    "admin_name": "Zhytomyrska Oblast"
  },
  {
    "city": "Horlivka",
    "country": "Ukraine",
    "admin_name": "Donetska Oblast"
  },
  {
    "city": "Rivne",
    "country": "Ukraine",
    "admin_name": "Rivnenska Oblast"
  },
  {
    "city": "Ivano-Frankivsk",
    "country": "Ukraine",
    "admin_name": "Ivano-Frankivska Oblast"
  },
  {
    "city": "Kropyvnytskyi",
    "country": "Ukraine",
    "admin_name": "Kirovohradska Oblast"
  },
  {
    "city": "Kamianske",
    "country": "Ukraine",
    "admin_name": "Dnipropetrovska Oblast"
  },
  {
    "city": "Ternopil",
    "country": "Ukraine",
    "admin_name": "Ternopilska Oblast"
  },
  {
    "city": "Kremenchuk",
    "country": "Ukraine",
    "admin_name": "Poltavska Oblast"
  },
  {
    "city": "Lutsk",
    "country": "Ukraine",
    "admin_name": "Volynska Oblast"
  },
  {
    "city": "Bila Tserkva",
    "country": "Ukraine",
    "admin_name": "Kyivska Oblast"
  },
  {
    "city": "Sievierodonetsk",
    "country": "Ukraine",
    "admin_name": "Luhanska Oblast"
  },
  {
    "city": "Kerch",
    "country": "Ukraine",
    "admin_name": "Krym, Avtonomna Respublika"
  },
  {
    "city": "Melitopol",
    "country": "Ukraine",
    "admin_name": "Zaporizka Oblast"
  },
  {
    "city": "Kramatorsk",
    "country": "Ukraine",
    "admin_name": "Donetska Oblast"
  },
  {
    "city": "Khrustalnyi",
    "country": "Ukraine",
    "admin_name": "Luhanska Oblast"
  },
  {
    "city": "Uzhhorod",
    "country": "Ukraine",
    "admin_name": "Zakarpatska Oblast"
  },
  {
    "city": "Sloviansk",
    "country": "Ukraine",
    "admin_name": "Donetska Oblast"
  },
  {
    "city": "Brovary",
    "country": "Ukraine",
    "admin_name": "Kyivska Oblast"
  },
  {
    "city": "Yevpatoriia",
    "country": "Ukraine",
    "admin_name": "Krym, Avtonomna Respublika"
  },
  {
    "city": "Berdiansk",
    "country": "Ukraine",
    "admin_name": "Zaporizka Oblast"
  },
  {
    "city": "Alchevsk",
    "country": "Ukraine",
    "admin_name": "Luhanska Oblast"
  },
  {
    "city": "Nikopol",
    "country": "Ukraine",
    "admin_name": "Dnipropetrovska Oblast"
  },
  {
    "city": "Pavlohrad",
    "country": "Ukraine",
    "admin_name": "Dnipropetrovska Oblast"
  },
  {
    "city": "Kamianets-Podilskyi",
    "country": "Ukraine",
    "admin_name": "Khmelnytska Oblast"
  },
  {
    "city": "Lysychansk",
    "country": "Ukraine",
    "admin_name": "Luhanska Oblast"
  },
  {
    "city": "Dovzhansk",
    "country": "Ukraine",
    "admin_name": "Luhanska Oblast"
  },
  {
    "city": "Mukacheve",
    "country": "Ukraine",
    "admin_name": "Zakarpatska Oblast"
  },
  {
    "city": "Konotop",
    "country": "Ukraine",
    "admin_name": "Sumska Oblast"
  },
  {
    "city": "Uman",
    "country": "Ukraine",
    "admin_name": "Cherkaska Oblast"
  },
  {
    "city": "Yenakiieve",
    "country": "Ukraine",
    "admin_name": "Donetska Oblast"
  },
  {
    "city": "Yalta",
    "country": "Ukraine",
    "admin_name": "Krym, Avtonomna Respublika"
  },
  {
    "city": "Shostka",
    "country": "Ukraine",
    "admin_name": "Sumska Oblast"
  },
  {
    "city": "Stakhanov",
    "country": "Ukraine",
    "admin_name": "Luhanska Oblast"
  },
  {
    "city": "Drohobych",
    "country": "Ukraine",
    "admin_name": "Lvivska Oblast"
  },
  {
    "city": "Kostiantynivka",
    "country": "Ukraine",
    "admin_name": "Donetska Oblast"
  },
  {
    "city": "Bakhmut",
    "country": "Ukraine",
    "admin_name": "Donetska Oblast"
  },
  {
    "city": "Fedosiia",
    "country": "Ukraine",
    "admin_name": "Krym, Avtonomna Respublika"
  },
  {
    "city": "Kovel",
    "country": "Ukraine",
    "admin_name": "Volynska Oblast"
  },
  {
    "city": "Nizhyn",
    "country": "Ukraine",
    "admin_name": "Chernihivska Oblast"
  },
  {
    "city": "Smila",
    "country": "Ukraine",
    "admin_name": "Cherkaska Oblast"
  },
  {
    "city": "Chervonohrad",
    "country": "Ukraine",
    "admin_name": "Lvivska Oblast"
  },
  {
    "city": "Pokrovsk",
    "country": "Ukraine",
    "admin_name": "Donetska Oblast"
  },
  {
    "city": "Pervomaisk",
    "country": "Ukraine",
    "admin_name": "Mykolaivska Oblast"
  },
  {
    "city": "Korosten",
    "country": "Ukraine",
    "admin_name": "Zhytomyrska Oblast"
  },
  {
    "city": "Kolomyia",
    "country": "Ukraine",
    "admin_name": "Ivano-Frankivska Oblast"
  },
  {
    "city": "Rubizhne",
    "country": "Ukraine",
    "admin_name": "Luhanska Oblast"
  },
  {
    "city": "Khartsyzk",
    "country": "Ukraine",
    "admin_name": "Donetska Oblast"
  },
  {
    "city": "Druzhkivka",
    "country": "Ukraine",
    "admin_name": "Donetska Oblast"
  },
  {
    "city": "Chornomorsk",
    "country": "Ukraine",
    "admin_name": "Odeska Oblast"
  },
  {
    "city": "Bilhorod-Dnistrovskyi",
    "country": "Ukraine",
    "admin_name": "Odeska Oblast"
  },
  {
    "city": "Irpin",
    "country": "Ukraine",
    "admin_name": "Kyivska Oblast"
  },
  {
    "city": "Chystiakove",
    "country": "Ukraine",
    "admin_name": "Donetska Oblast"
  },
  {
    "city": "Stryi",
    "country": "Ukraine",
    "admin_name": "Lvivska Oblast"
  },
  {
    "city": "Novohrad-Volynskyi",
    "country": "Ukraine",
    "admin_name": "Zhytomyrska Oblast"
  },
  {
    "city": "Lozova",
    "country": "Ukraine",
    "admin_name": "Kharkivska Oblast"
  },
  {
    "city": "Antratsyt",
    "country": "Ukraine",
    "admin_name": "Luhanska Oblast"
  },
  {
    "city": "Horishni Plavni",
    "country": "Ukraine",
    "admin_name": "Poltavska Oblast"
  },
  {
    "city": "Myrnohrad",
    "country": "Ukraine",
    "admin_name": "Donetska Oblast"
  },
  {
    "city": "Shakhtarsk",
    "country": "Ukraine",
    "admin_name": "Donetska Oblast"
  },
  {
    "city": "Okhtyrka",
    "country": "Ukraine",
    "admin_name": "Sumska Oblast"
  },
  {
    "city": "Snizhne",
    "country": "Ukraine",
    "admin_name": "Donetska Oblast"
  },
  {
    "city": "Rovenky",
    "country": "Ukraine",
    "admin_name": "Luhanska Oblast"
  },
  {
    "city": "Fastiv",
    "country": "Ukraine",
    "admin_name": "Kyivska Oblast"
  },
  {
    "city": "Lubny",
    "country": "Ukraine",
    "admin_name": "Poltavska Oblast"
  },
  {
    "city": "Brianka",
    "country": "Ukraine",
    "admin_name": "Luhanska Oblast"
  },
  {
    "city": "Krasnodon",
    "country": "Ukraine",
    "admin_name": "Luhanska Oblast"
  },
  {
    "city": "Romny",
    "country": "Ukraine",
    "admin_name": "Sumska Oblast"
  },
  {
    "city": "Myrhorod",
    "country": "Ukraine",
    "admin_name": "Poltavska Oblast"
  },
  {
    "city": "Podilsk",
    "country": "Ukraine",
    "admin_name": "Odeska Oblast"
  },
  {
    "city": "Vyshneve",
    "country": "Ukraine",
    "admin_name": "Kyivska Oblast"
  },
  {
    "city": "Vasylkiv",
    "country": "Ukraine",
    "admin_name": "Kyivska Oblast"
  },
  {
    "city": "Dubno",
    "country": "Ukraine",
    "admin_name": "Rivnenska Oblast"
  },
  {
    "city": "Boryslav",
    "country": "Ukraine",
    "admin_name": "Lvivska Oblast"
  },
  {
    "city": "Bucha",
    "country": "Ukraine",
    "admin_name": "Kyivska Oblast"
  },
  {
    "city": "Holubivske",
    "country": "Ukraine",
    "admin_name": "Luhanska Oblast"
  },
  {
    "city": "Boyarka",
    "country": "Ukraine",
    "admin_name": "Kyivska Oblast"
  },
  {
    "city": "Yasynuvata",
    "country": "Ukraine",
    "admin_name": "Donetska Oblast"
  },
  {
    "city": "Slavuta",
    "country": "Ukraine",
    "admin_name": "Khmelnytska Oblast"
  },
  {
    "city": "Sambir",
    "country": "Ukraine",
    "admin_name": "Lvivska Oblast"
  },
  {
    "city": "Toretsk",
    "country": "Ukraine",
    "admin_name": "Donetska Oblast"
  },
  {
    "city": "Zhmerynka",
    "country": "Ukraine",
    "admin_name": "Vinnytska Oblast"
  },
  {
    "city": "Chuhuiv",
    "country": "Ukraine",
    "admin_name": "Kharkivska Oblast"
  },
  {
    "city": "Novoyavorovskoye",
    "country": "Ukraine",
    "admin_name": "Lvivska Oblast"
  },
  {
    "city": "Mohyliv-Podilskyi",
    "country": "Ukraine",
    "admin_name": "Vinnytska Oblast"
  },
  {
    "city": "Truskavets",
    "country": "Ukraine",
    "admin_name": "Lvivska Oblast"
  },
  {
    "city": "Dobropillia",
    "country": "Ukraine",
    "admin_name": "Donetska Oblast"
  },
  {
    "city": "Kupiansk",
    "country": "Ukraine",
    "admin_name": "Kharkivska Oblast"
  },
  {
    "city": "Pereyaslav-Khmel’nyts’kyy",
    "country": "Ukraine",
    "admin_name": "Kyivska Oblast"
  },
  {
    "city": "Khmilnyk",
    "country": "Ukraine",
    "admin_name": "Vinnytska Oblast"
  },
  {
    "city": "Kirovsk",
    "country": "Ukraine",
    "admin_name": "Luhanska Oblast"
  },
  {
    "city": "Sofiyivs’ka Borshchahivka",
    "country": "Ukraine",
    "admin_name": "Kyivska Oblast"
  },
  {
    "city": "Perevalsk",
    "country": "Ukraine",
    "admin_name": "Luhanska Oblast"
  },
  {
    "city": "Vynohradiv",
    "country": "Ukraine",
    "admin_name": "Zakarpatska Oblast"
  },
  {
    "city": "Armiansk",
    "country": "Ukraine",
    "admin_name": "Krym, Avtonomna Respublika"
  },
  {
    "city": "Saky",
    "country": "Ukraine",
    "admin_name": "Krym, Avtonomna Respublika"
  },
  {
    "city": "Debaltseve",
    "country": "Ukraine",
    "admin_name": "Donetska Oblast"
  },
  {
    "city": "Selydove",
    "country": "Ukraine",
    "admin_name": "Donetska Oblast"
  },
  {
    "city": "Molodohvardiisk",
    "country": "Ukraine",
    "admin_name": "Luhanska Oblast"
  },
  {
    "city": "Merefa",
    "country": "Ukraine",
    "admin_name": "Kharkivska Oblast"
  },
  {
    "city": "Bilohorodka",
    "country": "Ukraine",
    "admin_name": "Kyivska Oblast"
  },
  {
    "city": "Sukhodilsk",
    "country": "Ukraine",
    "admin_name": "Luhanska Oblast"
  },
  {
    "city": "Pelahiivka",
    "country": "Ukraine",
    "admin_name": "Donetska Oblast"
  },
  {
    "city": "Hostomel",
    "country": "Ukraine",
    "admin_name": "Kyivska Oblast"
  },
  {
    "city": "Taromske",
    "country": "Ukraine",
    "admin_name": "Dnipropetrovska Oblast"
  },
  {
    "city": "Vynnyky",
    "country": "Ukraine",
    "admin_name": "Lvivska Oblast"
  },
  {
    "city": "Chervonopartyzansk",
    "country": "Ukraine",
    "admin_name": "Luhanska Oblast"
  },
  {
    "city": "Mykolaivka",
    "country": "Ukraine",
    "admin_name": "Donetska Oblast"
  },
  {
    "city": "Nyzhnia Krynka",
    "country": "Ukraine",
    "admin_name": "Donetska Oblast"
  },
  {
    "city": "Antonivka",
    "country": "Ukraine",
    "admin_name": "Khersonska Oblast"
  },
  {
    "city": "Petrovske",
    "country": "Ukraine",
    "admin_name": "Luhanska Oblast"
  },
  {
    "city": "Prymorskyi",
    "country": "Ukraine",
    "admin_name": "Krym, Avtonomna Respublika"
  },
  {
    "city": "Chasiv Yar",
    "country": "Ukraine",
    "admin_name": "Donetska Oblast"
  },
  {
    "city": "Zhdanivka",
    "country": "Ukraine",
    "admin_name": "Donetska Oblast"
  },
  {
    "city": "Vakhrusheve",
    "country": "Ukraine",
    "admin_name": "Luhanska Oblast"
  },
  {
    "city": "Hirnyk",
    "country": "Ukraine",
    "admin_name": "Donetska Oblast"
  },
  {
    "city": "Lymanka",
    "country": "Ukraine",
    "admin_name": "Odeska Oblast"
  },
  {
    "city": "Soledar",
    "country": "Ukraine",
    "admin_name": "Donetska Oblast"
  },
  {
    "city": "Sartana",
    "country": "Ukraine",
    "admin_name": "Donetska Oblast"
  },
  {
    "city": "Haspra",
    "country": "Ukraine",
    "admin_name": "Krym, Avtonomna Respublika"
  },
  {
    "city": "Inkerman",
    "country": "Ukraine",
    "admin_name": "Sevastopol, Misto"
  },
  {
    "city": "Korolevo",
    "country": "Ukraine",
    "admin_name": "Zakarpatska Oblast"
  },
  {
    "city": "Sniatyn",
    "country": "Ukraine",
    "admin_name": "Ivano-Frankivska Oblast"
  },
  {
    "city": "Novgorodskoye",
    "country": "Ukraine",
    "admin_name": "Donetska Oblast"
  },
  {
    "city": "Sieverne",
    "country": "Ukraine",
    "admin_name": "Donetska Oblast"
  },
  {
    "city": "Sofiivka",
    "country": "Ukraine",
    "admin_name": "Donetska Oblast"
  },
  {
    "city": "Teplohirsk",
    "country": "Ukraine",
    "admin_name": "Luhanska Oblast"
  },
  {
    "city": "Bilenke",
    "country": "Ukraine",
    "admin_name": "Donetska Oblast"
  },
  {
    "city": "Hurzuf",
    "country": "Ukraine",
    "admin_name": "Krym, Avtonomna Respublika"
  },
  {
    "city": "Horodenka",
    "country": "Ukraine",
    "admin_name": "Ivano-Frankivska Oblast"
  },
  {
    "city": "Pivnichne",
    "country": "Ukraine",
    "admin_name": "Donetska Oblast"
  },
  {
    "city": "Yasenivskyi",
    "country": "Ukraine",
    "admin_name": "Luhanska Oblast"
  },
  {
    "city": "Liubymivka",
    "country": "Ukraine",
    "admin_name": "Luhanska Oblast"
  },
  {
    "city": "Masandra",
    "country": "Ukraine",
    "admin_name": "Krym, Avtonomna Respublika"
  },
  {
    "city": "Bilky",
    "country": "Ukraine",
    "admin_name": "Zakarpatska Oblast"
  },
  {
    "city": "Yasnohirka",
    "country": "Ukraine",
    "admin_name": "Donetska Oblast"
  },
  {
    "city": "Bilytske",
    "country": "Ukraine",
    "admin_name": "Donetska Oblast"
  },
  {
    "city": "Pochaiv",
    "country": "Ukraine",
    "admin_name": "Ternopilska Oblast"
  },
  {
    "city": "Oleksandrivka",
    "country": "Ukraine",
    "admin_name": "Odeska Oblast"
  },
  {
    "city": "Vuhlehirsk",
    "country": "Ukraine",
    "admin_name": "Donetska Oblast"
  },
  {
    "city": "Zorynsk",
    "country": "Ukraine",
    "admin_name": "Luhanska Oblast"
  },
  {
    "city": "Komyshany",
    "country": "Ukraine",
    "admin_name": "Khersonska Oblast"
  },
  {
    "city": "Oleksiievo-Druzhkivka",
    "country": "Ukraine",
    "admin_name": "Donetska Oblast"
  },
  {
    "city": "Piskivka",
    "country": "Ukraine",
    "admin_name": "Kyivska Oblast"
  },
  {
    "city": "Holmivskyi",
    "country": "Ukraine",
    "admin_name": "Donetska Oblast"
  },
  {
    "city": "Novodruzhesk",
    "country": "Ukraine",
    "admin_name": "Luhanska Oblast"
  },
  {
    "city": "Karnaukhivka",
    "country": "Ukraine",
    "admin_name": "Dnipropetrovska Oblast"
  },
  {
    "city": "Velikaya Berëzovitsa",
    "country": "Ukraine",
    "admin_name": "Ternopilska Oblast"
  },
  {
    "city": "Rozkishne",
    "country": "Ukraine",
    "admin_name": "Luhanska Oblast"
  },
  {
    "city": "Vorzel",
    "country": "Ukraine",
    "admin_name": "Kyivska Oblast"
  },
  {
    "city": "Shepetivka",
    "country": "Ukraine",
    "admin_name": "Khmelnytska Oblast"
  },
  {
    "city": "Halych",
    "country": "Ukraine",
    "admin_name": "Ivano-Frankivska Oblast"
  },
  {
    "city": "Petropavlivs’ka Borshchahivka",
    "country": "Ukraine",
    "admin_name": "Kyivska Oblast"
  },
  {
    "city": "Balabyne",
    "country": "Ukraine",
    "admin_name": "Zaporizka Oblast"
  },
  {
    "city": "Staryi Krym",
    "country": "Ukraine",
    "admin_name": "Donetska Oblast"
  },
  {
    "city": "Zelenivka",
    "country": "Ukraine",
    "admin_name": "Khersonska Oblast"
  },
  {
    "city": "Chornukhyne",
    "country": "Ukraine",
    "admin_name": "Luhanska Oblast"
  },
  {
    "city": "Kotsyubyns’ke",
    "country": "Ukraine",
    "admin_name": "Kyiv, Misto"
  },
  {
    "city": "Koreiz",
    "country": "Ukraine",
    "admin_name": "Krym, Avtonomna Respublika"
  },
  {
    "city": "Bryukhovychi",
    "country": "Ukraine",
    "admin_name": "Lvivska Oblast"
  },
  {
    "city": "Horenka",
    "country": "Ukraine",
    "admin_name": "Kyivska Oblast"
  },
  {
    "city": "Chabany",
    "country": "Ukraine",
    "admin_name": "Kyivska Oblast"
  },
  {
    "city": "Teple",
    "country": "Ukraine",
    "admin_name": "Luhanska Oblast"
  },
  {
    "city": "Zalizne",
    "country": "Ukraine",
    "admin_name": "Donetska Oblast"
  },
  {
    "city": "Khotiv",
    "country": "Ukraine",
    "admin_name": "Kyivska Oblast"
  },
  {
    "city": "Novooleksandrivka",
    "country": "Ukraine",
    "admin_name": "Dnipropetrovska Oblast"
  },
  {
    "city": "Zaozerne",
    "country": "Ukraine",
    "admin_name": "Krym, Avtonomna Respublika"
  },
  {
    "city": "Almazna",
    "country": "Ukraine",
    "admin_name": "Luhanska Oblast"
  },
  {
    "city": "Shabelkivka",
    "country": "Ukraine",
    "admin_name": "Donetska Oblast"
  },
  {
    "city": "Obroshino",
    "country": "Ukraine",
    "admin_name": "Lvivska Oblast"
  },
  {
    "city": "Krykhivtsi",
    "country": "Ukraine",
    "admin_name": "Ivano-Frankivska Oblast"
  },
  {
    "city": "Novopillia",
    "country": "Ukraine",
    "admin_name": "Dnipropetrovska Oblast"
  },
  {
    "city": "Zaitseve",
    "country": "Ukraine",
    "admin_name": "Donetska Oblast"
  },
  {
    "city": "Simeiz",
    "country": "Ukraine",
    "admin_name": "Krym, Avtonomna Respublika"
  },
  {
    "city": "Novosilky",
    "country": "Ukraine",
    "admin_name": "Kyiv, Misto"
  },
  {
    "city": "Yasynivka",
    "country": "Ukraine",
    "admin_name": "Donetska Oblast"
  },
  {
    "city": "Kryukivshchyna",
    "country": "Ukraine",
    "admin_name": "Kyivska Oblast"
  },
  {
    "city": "Shakhtarske",
    "country": "Ukraine",
    "admin_name": "Luhanska Oblast"
  },
  {
    "city": "Mykhaylivka-Rubezhivka",
    "country": "Ukraine",
    "admin_name": "Kyivska Oblast"
  },
  {
    "city": "Valianivske",
    "country": "Ukraine",
    "admin_name": "Luhanska Oblast"
  },
  {
    "city": "Malokaterynivka",
    "country": "Ukraine",
    "admin_name": "Zaporizka Oblast"
  },
  {
    "city": "Yuzhna Lomuvatka",
    "country": "Ukraine",
    "admin_name": "Luhanska Oblast"
  },
  {
    "city": "Shcherbynivka",
    "country": "Ukraine",
    "admin_name": "Donetska Oblast"
  },
  {
    "city": "Vylok",
    "country": "Ukraine",
    "admin_name": "Zakarpatska Oblast"
  },
  {
    "city": "Tovste",
    "country": "Ukraine",
    "admin_name": "Ternopilska Oblast"
  },
  {
    "city": "Piatypillia",
    "country": "Ukraine",
    "admin_name": "Donetska Oblast"
  },
  {
    "city": "Hatne",
    "country": "Ukraine",
    "admin_name": "Kyivska Oblast"
  },
  {
    "city": "Bulavynske",
    "country": "Ukraine",
    "admin_name": "Donetska Oblast"
  },
  {
    "city": "Dubove",
    "country": "Ukraine",
    "admin_name": "Luhanska Oblast"
  },
  {
    "city": "Kulynychi",
    "country": "Ukraine",
    "admin_name": "Kharkivska Oblast"
  },
  {
    "city": "Sadky",
    "country": "Ukraine",
    "admin_name": "Poltavska Oblast"
  },
  {
    "city": "Krasnotorka",
    "country": "Ukraine",
    "admin_name": "Donetska Oblast"
  },
  {
    "city": "Pervomaiskyi",
    "country": "Ukraine",
    "admin_name": "Donetska Oblast"
  },
  {
    "city": "Brytivka",
    "country": "Ukraine",
    "admin_name": "Odeska Oblast"
  },
  {
    "city": "Blyzhnie",
    "country": "Ukraine",
    "admin_name": "Krym, Avtonomna Respublika"
  },
  {
    "city": "Mykhailivka",
    "country": "Ukraine",
    "admin_name": "Luhanska Oblast"
  },
  {
    "city": "Laryne",
    "country": "Ukraine",
    "admin_name": "Donetska Oblast"
  },
  {
    "city": "Vedmezhe",
    "country": "Ukraine",
    "admin_name": "Luhanska Oblast"
  },
  {
    "city": "Volodymyr-Volynskyi",
    "country": "Ukraine",
    "admin_name": "Volynska Oblast"
  }
]